Country,Pearson_r,Spearman_rho,n
United States of America,0.9810767867612169,0.989691794973041,16
China,0.9726936697341784,1.0,16
Chile,0.9549840025397593,0.927836057787226,16
Zimbabwe,0.9407765311781893,0.7529411764705882,16
Mexico,0.9289657695711884,0.91876825266879,16
Germany,0.9271635293686715,0.8447390072070485,16
