Country,LEABY_slope_per_year,LEABY_r,log10_GDP_slope_per_year,log10_GDP_r,n_years
Zimbabwe,1.152794117647059,0.9239243587092393,0.032958951348170014,0.7979861056442928,16
China,0.27205882352941146,0.9827338172654216,0.07142550017470345,0.9941505969760818,16
Chile,0.2180882352941175,0.9805432853925483,0.04490879738453465,0.9542003000786553,16
Germany,0.2022058823529411,0.9873769823274431,0.01928560298216156,0.8849871473072243,16
United States of America,0.17352941176470577,0.9923116465397318,0.015961439378571442,0.9848448703108285,16
Mexico,0.12397058823529389,0.950451368252526,0.018884076243141062,0.9380479669715137,16
